Metrica,Modelo,media_train,desv_train,med_train,media_val,desv_val,med_val,media_test,desv_test,med_test
accuracy,EfficientNetV2B0,0.9938387096774195,0.008043349740988403,0.9964583333333332,0.9773763440860216,0.010653601283778937,0.9791666666666666,0.9752000000000001,0.01042402597177871,0.9773333333333334
accuracy,DenseNet121,0.9517916666666668,0.08040832014308173,0.9722916666666668,0.9315537634408602,0.07857021137335651,0.95,0.9268731182795699,0.07766474619040002,0.9446666666666668
accuracy,ResNet101V2,0.81822311827957,0.16554578837268333,0.8779166666666667,0.7939032258064517,0.1586733008532564,0.85,0.7919182795698926,0.15903853137421564,0.8446666666666667
